date,ticker,high,low,open,prev close,close,change,% change,volume,turnover,deals,bids,offers,mktcap
2026-08-26 00:00:00,AFRIPRISE,640,620,620,630,630,1.61,10.143,328844,207140765,413,22702,1841,92.0
2026-08-26 00:00:00,CRDB,2700,2600,2680,2660,2660,-0.75,-19.95,1566034,4205430530,2503,121000,485340,6947.5
2026-08-26 00:00:00,DCB,530,460,485,495,495,2.06,10.197,38865,19235940,170,6673,64222,94.8
2026-08-26 00:00:00,DSE,6560,6500,6360,6510,6510,2.36,153.636,3847,25066550,39,1096,766,155.1
2026-08-26 00:00:00,EABL,0,0,5710,0,5710,0.0,0.0,0,0,0,0,0,4515.3
2026-08-26 00:00:00,IEACLC-ETF,1390,1370,1390,1390,1390,0.0,0.0,142621,197644650,117,306757,56011,196.2
2026-08-26 00:00:00,JATU,0,0,270,0,270,0.0,0.0,0,0,0,225,0,5.4
2026-08-26 00:00:00,JHL,0,0,8650,0,8650,0.0,0.0,0,0,0,21,0,626.9
2026-08-26 00:00:00,KA,0,0,115,0,115,0.0,0.0,0,0,0,0,0,653.4
2026-08-26 00:00:00,KCB,1990,1970,1980,1980,1980,0.0,0.0,25316,50006160,57,24364,23475,5881.3
2026-08-26 00:00:00,MBP,2380,2110,2070,2330,2330,12.56,292.648,25121,58526390,111,11335,5996,69.9
2026-08-26 00:00:00,MCB,420,390,420,405,405,-3.57,-14.4585,131910,53150810,254,19195,73712,100.2
2026-08-26 00:00:00,MKCB,3800,3740,3790,3800,3800,0.26,9.88,1141,4322230,29,1662,2124,89.5
2026-08-26 00:00:00,MUCOBA,470,460,470,465,465,-1.06,-4.929,758,352460,17,126,3245,15.2
2026-08-26 00:00:00,NICO,4000,3800,3820,3880,3880,1.57,60.91600000000001,42605,165215640,131,16217,36802,239.2
2026-08-26 00:00:00,NMB,1940,1940,1850,1940,1940,4.86,94.284,1998754,3877582760,497,4924570,0,9700.0
2026-08-26 00:00:00,NMG,290,290,260,250,250,-3.85,-9.625,33,9570,1,1300,0,47.1
2026-08-26 00:00:00,PAL,320,305,305,315,315,3.28,10.332,34449,10857990,65,14178,7616,50.6
2026-08-26 00:00:00,SWALA,0,0,450,0,450,0.0,0.0,0,0,0,0,0,47.8
2026-08-26 00:00:00,SWIS,2700,2550,2640,2620,2620,-0.76,-19.912,4084,10715430,56,284,2253,94.3
2026-08-26 00:00:00,TBL,9880,9800,9880,9850,9850,-0.3,-29.55,401060,3970456800,33,661,515,2906.3
2026-08-26 00:00:00,TCC,12410,12400,12410,12410,12410,0.0,0.0,544,6746540,29,10413,691,1241.0
2026-08-26 00:00:00,TCCL,3980,3980,4000,3980,3980,-0.5,-19.9,1557,6196860,15,108,16975,760.2
2026-08-26 00:00:00,TOL,2000,1830,1810,1980,1980,9.39,185.92200000000005,7816,15434730,81,14277,5966,113.9
2026-08-26 00:00:00,TPCC,5900,5830,5940,5850,5850,-1.52,-88.92,10245,59974210,71,130,16110,1052.6
2026-08-26 00:00:00,TTP,485,475,475,480,480,1.05,5.04,927,445100,34,101,1232,45.6
2026-08-26 00:00:00,USL,0,0,30,0,30,0.0,0.0,0,0,0,236,0,11.0
2026-08-26 00:00:00,VERTEX-ETF,350,335,350,345,345,-1.43,-4.9335,28717,9975965,293,0,172030,18.6
2026-08-26 00:00:00,VODA,1040,1020,1020,1030,1030,0.98,10.094,109771,112918610,376,184894,85123,2307.2
2026-08-26 00:00:00,YETU,0,0,510,0,510,0.0,0.0,0,0,0,0,0,6.2
2026-08-10,AFRIPRISE,645,630,640,635,635,0.0,0.0,51224,32583365,207,14378,21492,92.7
2026-08-10,CRDB,2620,2580,2590,2600,2600,0.0,0.0,2869227,7453641800,1739,129405,58236,6790.8
2026-08-10,DCB,420,390,420,410,410,0.0,0.0,14097,5769690,116,4055,95305,78.6
2026-08-10,DSE,6580,5760,6580,6450,6450,0.0,0.0,2411,15493780,32,1282,4500,153.7
2026-08-10,EABL,0,0,5830,0,5680,0.0,0.0,0,0,0,20,0,4491.6
2026-08-10,IEACLC-ETF,1380,1350,1360,1360,1360,0.0,0.0,421262,573539140,112,105906,48940,188.9
2026-08-10,JATU,0,0,265,0,265,0.0,0.0,0,0,0,0,0,5.3
2026-08-10,JHL,0,0,8650,0,8650,0.0,0.0,0,0,0,0,0,626.9
2026-08-10,KA,0,0,110,0,110,0.0,0.0,0,0,0,230,0,625.0
2026-08-10,KCB,1900,1880,1890,1900,1900,0.0,0.0,5425,10287840,53,10141,23591,5643.7
2026-08-10,MBP,1790,1600,1600,1660,1660,0.0,0.0,1232,2049600,13,4005,23587,49.8
2026-08-10,MCB,540,470,470,525,525,0.0,0.0,376487,197649400,621,102784,137956,129.8
2026-08-10,MKCB,3800,3500,3670,3740,3740,0.0,0.0,2692,10029550,21,1039,818,88.1
2026-08-10,MUCOBA,465,445,440,455,455,0.0,0.0,1455,666475,29,2688,1705,14.9
2026-08-10,NICO,3730,3500,3550,3590,3590,0.0,0.0,17044,61151520,126,6476,12387,221.3
2026-08-10,NMB,17660,17570,17580,17600,17600,0.0,0.0,95563,1681576840,528,12100,20114,8800.0
2026-08-10,NMG,0,0,265,0,265,0.0,0.0,0,0,0,2843,0,50.0
2026-08-10,PAL,310,300,310,310,310,0.0,0.0,5749,1771480,58,4655,15362,49.8
2026-08-10,SWALA,0,0,450,0,450,0.0,0.0,0,0,0,0,0,47.8
2026-08-10,SWIS,2690,2550,2690,2620,2620,0.0,0.0,1305,3429910,24,10151,21238,94.3
2026-08-10,TBL,10110,9950,10000,9950,9950,0.0,0.0,1100,10970760,23,352,944,2935.8
2026-08-10,TCC,12500,12500,12300,12500,12500,0.0,0.0,1614,20175000,13,279,0,1250.0
2026-08-10,TCCL,4000,3620,3710,3850,3850,0.0,0.0,2046,7866260,21,20117,17999,735.4
2026-08-10,TOL,1500,1480,1500,1500,1500,0.0,0.0,3406,5100790,29,3987,26585,86.3
2026-08-10,TPCC,5950,5850,5850,5850,5850,0.0,0.0,2739,16039250,33,979,0,1052.6
2026-08-10,TTP,450,450,450,450,450,0.0,0.0,352,158400,16,46,1529,42.8
2026-08-10,USL,0,0,30,0,30,0.0,0.0,0,0,0,1686,0,11.0
2026-08-10,VERTEX-ETF,320,310,320,320,320,0.0,0.0,21246,6751625,182,2578,17949,17.3
2026-08-10,VODA,1050,1010,1020,1030,1030,0.0,0.0,203088,210145280,323,136195,74917,2307.2
2026-08-10,YETU,0,0,510,0,510,0.0,0.0,0,0,0,0,0,6.2
2026-08-11,AFRIPRISE,640,620,635,630,630,,,57149,35937360,176,7197,38536,92.0
2026-08-11,CRDB,2620,2590,2600,2600,2600,0.0,0.0,553818,1442616130,1035,435736,138838,6790.8
2026-08-11,DCB,420,390,410,400,400,,,21550,8608950,100,18979,96752,76.6
2026-08-11,DSE,6570,5800,6450,6090,6090,,,1242,7567340,21,3464,1454,145.1
2026-08-11,EABL,0,0,5680,0,5510,,,0,0,0,45,0,4357.2
2026-08-11,IEACLC-ETF,1370,1340,1360,1350,1350,,,95112,128704150,79,23128,54116,187.5
2026-08-11,JATU,0,0,265,0,265,0.0,0.0,0,0,0,0,0,5.3
2026-08-11,JHL,0,0,8650,0,8650,0.0,0.0,0,0,0,11,0,626.9
2026-08-11,KA,0,0,110,0,110,0.0,0.0,0,0,0,202,0,625.0
2026-08-11,KCB,1930,1880,1900,1900,1900,0.0,0.0,18977,35987640,43,12494,0,5643.7
2026-08-11,MBP,1700,1650,1660,1680,1680,1.2,20.16,2480,4178510,20,15113,21901,50.4
2026-08-11,MCB,515,450,525,475,475,,,232164,110353875,595,2793,241297,117.5
2026-08-11,MKCB,3880,3740,3740,3870,3870,3.48,134.676,1285,4966000,9,1378,2154,91.2
2026-08-11,MUCOBA,465,465,455,465,465,2.2,10.23,3625,1685625,29,2724,500,15.2
2026-08-11,NICO,3700,3600,3590,3610,3610,0.56,20.216000000000005,7589,27442940,49,7249,9631,222.5
2026-08-11,NMB,17600,17570,17600,17600,17600,0.0,0.0,115239,2026478370,486,11414,58384,8800.0
2026-08-11,NMG,0,0,265,0,270,1.89,5.103,0,0,0,343,0,50.9
2026-08-11,PAL,310,300,310,305,305,,,5738,1749860,40,3560,9532,48.9
2026-08-11,SWALA,0,0,450,0,450,0.0,0.0,0,0,0,0,0,47.8
2026-08-11,SWIS,2680,2300,2620,2340,2340,,,14675,34455560,55,2605,9957,84.2
2026-08-11,TBL,10000,9950,9950,9970,9970,0.2,19.94,4983,49704950,33,41,764,2941.7
2026-08-11,TCC,12500,12500,12500,12500,12500,0.0,0.0,664,8300000,18,10123,0,1250.0
2026-08-11,TCCL,3740,3610,3850,3660,3660,,,2781,10213400,31,28603,37883,699.1
2026-08-11,TOL,1460,1330,1500,1460,1460,,,3258,4741550,30,784,28134,84.0
2026-08-11,TPCC,5900,5850,5850,5870,5870,0.34,19.958,1155,6783750,30,11045,0,1056.2
2026-08-11,TTP,455,450,450,450,450,0.0,0.0,1170,527980,19,220,259,42.8
2026-08-11,USL,0,0,30,0,30,0.0,0.0,0,0,0,1916,0,11.0
2026-08-11,VERTEX-ETF,320,315,320,320,320,0.0,0.0,40263,12822960,118,11283,1429,17.3
2026-08-11,VODA,1030,1000,1030,1010,1010,,,136592,138173600,169,125749,98452,2262.4
2026-08-11,YETU,0,0,510,0,510,0.0,0.0,0,0,0,0,0,6.2
2026-08-12,AFRIPRISE,640,620,630,630,630,0.0,0.0,60877,38261185,162,27611,58946,92.0
2026-08-12,CRDB,2640,2610,2600,2620,2620,0.77,20.174,340739,894277490,1064,431200,35034,6843.0
2026-08-12,DCB,410,400,400,405,405,1.25,5.0625,18780,7613580,92,42372,15266,77.6
2026-08-12,DSE,6300,6200,6090,6220,6220,2.13,132.486,1320,8234300,18,3140,414,148.2
2026-08-12,EABL,0,0,5510,0,5530,0.36,19.908,0,0,0,0,0,4373.0
2026-08-12,IEACLC-ETF,1360,1340,1350,1360,1360,0.74,10.064,9333,12658400,68,100056,65676,188.9
2026-08-12,JATU,270,270,265,265,265,0.0,0.0,40,10800,1,0,360,5.3
2026-08-12,JHL,0,0,8650,0,8650,0.0,0.0,0,0,0,111,0,626.9
2026-08-12,KA,0,0,110,0,110,0.0,0.0,0,0,0,222,0,625.0
2026-08-12,KCB,1940,1910,1900,1930,1930,1.58,30.494000000000003,4766,9217670,34,9744,34532,5732.8
2026-08-12,MBP,1700,1690,1680,1700,1700,1.19,20.23,15989,27174450,17,2844,14277,51.0
2026-08-12,MCB,505,410,475,455,455,,,104593,47360055,263,17270,213091,112.5
2026-08-12,MKCB,3850,3740,3870,3820,3820,,,556,2115600,15,629,4276,90.0
2026-08-12,MUCOBA,475,465,465,465,465,0.0,0.0,875,407875,13,2180,3050,15.2
2026-08-12,NICO,3730,3600,3610,3660,3660,1.39,50.874,8365,30578830,56,2100,16754,225.6
2026-08-12,NMB,17700,17580,17600,17600,17600,0.0,0.0,199132,3503601310,385,25169,6886,8800.0
2026-08-12,NMG,0,0,270,0,280,3.7,10.36,0,0,0,354,0,52.8
2026-08-12,PAL,310,300,305,300,300,,,1679,507495,31,710,4052,48.1
2026-08-12,SWALA,0,0,450,0,450,0.0,0.0,0,0,0,0,0,47.8
2026-08-12,SWIS,2600,2500,2340,2590,2590,10.68,276.612,1566,4038500,27,12684,3393,93.2
2026-08-12,TBL,10000,9950,9970,9980,9980,0.1,9.98,5060,50476440,32,1087,2971,2944.7
2026-08-12,TCC,12500,12500,12500,12500,12500,0.0,0.0,137,1712500,9,10035,143,1250.0
2026-08-12,TCCL,4000,3570,3660,3610,3610,,,8317,30170750,34,23718,20520,689.6
2026-08-12,TOL,1460,1450,1460,1450,1450,,,3728,5414110,25,1581,24069,83.4
2026-08-12,TPCC,5950,5900,5870,5950,5950,1.36,80.92,856,5087050,19,16291,0,1070.5
2026-08-12,TTP,450,440,450,450,450,0.0,0.0,209,93910,7,63,530,42.8
2026-08-12,USL,0,0,30,0,30,0.0,0.0,0,0,0,2357,0,11.0
2026-08-12,VERTEX-ETF,330,315,320,320,320,0.0,0.0,39257,12585575,129,4596,98040,17.3
2026-08-12,VODA,1030,1000,1010,1010,1010,0.0,0.0,163828,165786720,235,102833,155213,2262.4
2026-08-12,YETU,0,0,510,0,510,0.0,0.0,0,0,0,0,0,6.2
2026-08-13,AFRIPRISE,640,620,630,625,625,,,123233,77071300,237,12252,71509,91.3
2026-08-13,CRDB,2730,2640,2620,2700,2700,3.05,82.35,299605,807856780,1130,462792,85287,7052.0
2026-08-13,DCB,450,410,405,420,420,3.7,15.540000000000004,5530,2313080,83,52930,20283,80.5
2026-08-13,DSE,6300,6200,6220,6300,6300,1.29,81.27,617,3879700,16,2603,218,150.1
2026-08-13,EABL,0,0,5530,0,5580,0.9,50.220000000000006,0,0,0,47,0,4412.5
2026-08-13,IEACLC-ETF,1360,1340,1360,1340,1340,,,36052,48394360,69,121454,65390,186.1
2026-08-13,JATU,0,0,265,0,265,0.0,0.0,0,0,0,0,360,5.3
2026-08-13,JHL,0,0,8650,0,8650,0.0,0.0,0,0,0,111,0,626.9
2026-08-13,KA,0,0,110,0,110,0.0,0.0,0,0,0,314,0,625.0
2026-08-13,KCB,1970,1930,1930,1970,1970,2.07,40.779,93744,184222190,62,11967,38354,5851.6
2026-08-13,MBP,1700,1690,1700,1690,1690,,,2589,4381010,24,3266,9218,50.7
2026-08-13,MCB,470,400,455,440,440,,,255898,112975535,357,7769,203410,108.8
2026-08-13,MKCB,3800,3760,3820,3790,3790,,,1437,5448810,17,469,5965,89.3
2026-08-13,MUCOBA,470,465,465,465,465,0.0,0.0,459,213620,11,2150,3589,15.2
2026-08-13,NICO,3650,3600,3660,3640,3640,,,14739,53602300,83,2739,8987,224.4
2026-08-13,NMB,17700,17610,17600,17650,17650,0.28,49.42000000000001,159601,2817334500,416,16961,15880,8825.0
2026-08-13,NMG,0,0,280,0,280,0.0,0.0,0,0,0,198,0,52.8
2026-08-13,PAL,345,300,300,340,340,13.33,45.322,6864,2307325,64,3469,1553,54.6
2026-08-13,SWALA,0,0,450,0,450,0.0,0.0,0,0,0,0,0,47.8
2026-08-13,SWIS,2600,2450,2590,2570,2570,,,3433,8813300,33,12559,709,92.5
2026-08-13,TBL,9980,9900,9980,9950,9950,,,2020,20093160,32,970,1241,2935.8
2026-08-13,TCC,12500,12300,12500,12500,12500,0.0,0.0,371,4609500,13,9945,1069,1250.0
2026-08-13,TCCL,4100,3610,3610,3900,3900,8.03,313.17,5714,22346180,33,20714,2200,745.0
2026-08-13,TOL,1470,1460,1450,1460,1460,0.69,10.074,2871,4193660,34,1696,24748,84.0
2026-08-13,TPCC,6000,5850,5950,5950,5950,0.0,0.0,765,4555900,23,10812,0,1070.5
2026-08-13,TTP,465,450,450,450,450,0.0,0.0,224,104010,9,86,1409,42.8
2026-08-13,USL,0,0,30,0,30,0.0,0.0,0,0,0,3484,0,11.0
2026-08-13,VERTEX-ETF,335,330,320,330,330,3.13,10.329,30670,10170535,166,10532,33989,17.8
2026-08-13,VODA,1030,1010,1010,1010,1010,0.0,0.0,123562,125292310,210,164519,172099,2262.4
2026-08-13,YETU,0,0,510,0,510,0.0,0.0,0,0,0,0,0,6.2
2026-08-14,AFRIPRISE,630,620,625,625,625,0.0,0.0,51667,32287830,165,21261,78845,91.3
2026-08-14,CRDB,2720,2680,2700,2700,2700,0.0,0.0,390325,1052659120,1346,332026,68633,7052.0
2026-08-14,DCB,480,440,420,465,465,10.71,49.8015,61036,28346610,79,137957,0,89.1
2026-08-14,DSE,6570,6500,6300,6570,6570,4.29,281.853,285,1871750,13,3092,459,156.5
2026-08-14,EABL,0,0,5580,0,5590,0.18,10.062,0,0,0,47,0,4420.4
2026-08-14,IEACLC-ETF,1350,1340,1340,1340,1340,0.0,0.0,10632,14287470,46,103892,66568,189.1
2026-08-14,JATU,0,0,265,0,265,0.0,0.0,0,0,0,0,360,5.3
2026-08-14,JHL,0,0,8650,0,8650,0.0,0.0,0,0,0,111,0,626.9
2026-08-14,KA,0,0,110,0,110,0.0,0.0,0,0,0,168,0,625.0
2026-08-14,KCB,1960,1940,1970,1950,1950,,,22888,44643680,41,16139,37220,5792.2
2026-08-14,MBP,1700,1650,1690,1680,1680,,,6307,10576380,42,1981,6325,50.4
2026-08-14,MCB,470,395,440,405,405,,,189296,76744885,256,23652,43610,100.2
2026-08-14,MKCB,3790,3500,3790,3760,3760,,,2079,7809770,20,1254,9834,88.6
2026-08-14,MUCOBA,470,450,465,455,455,,,747,339550,12,2060,10793,14.9
2026-08-14,NICO,4000,3650,3640,3820,3820,4.95,189.09,26571,101531480,145,15795,2447,235.5
2026-08-14,NMB,17950,17650,17650,17700,17700,0.28,49.56000000000001,202667,3582788330,461,72424,247,8850.0
2026-08-14,NMG,0,0,280,0,275,,,0,0,0,138,0,51.9
2026-08-14,PAL,355,345,340,345,345,1.47,5.0715,3560,1228510,29,1721,18095,55.4
2026-08-14,SWALA,0,0,450,0,450,0.0,0.0,0,0,0,0,0,47.8
2026-08-14,SWIS,2600,2600,2570,2570,2570,0.0,0.0,587,1526200,20,13099,1422,92.5
2026-08-14,TBL,9950,9900,9950,9930,9930,,,1444,14350900,29,552,970,2929.9
2026-08-14,TCC,12500,12500,12500,12500,12500,0.0,0.0,1069,13362500,2,10147,0,1250.0
2026-08-14,TCCL,4100,3660,3900,3950,3950,1.28,50.56,200840,643331900,19,9525,3627,754.5
2026-08-14,TOL,1500,1470,1460,1490,1490,2.05,30.544999999999995,1686,2505850,27,2848,3900,85.7
2026-08-14,TPCC,6060,6000,5950,6050,6050,1.68,101.64,252884,1504962160,23,8660,10,1088.5
2026-08-14,TTP,475,450,450,450,450,0.0,0.0,236,109540,14,1090,1013,42.8
2026-08-14,USL,0,0,30,0,30,0.0,0.0,0,0,0,2778,0,11.0
2026-08-14,VERTEX-ETF,345,330,330,335,335,1.52,5.092,47907,16113210,150,3294,15521,18.1
2026-08-14,VODA,1030,1010,1010,1020,1020,0.99,10.098,123675,126296500,140,139041,153707,2284.8
2026-08-14,YETU,0,0,510,0,510,0.0,0.0,0,0,0,0,0,6.2
2026-08-17,AFRIPRISE,625,615,625,620,620,,,84208,52396820,240,10068,65499,90.5
2026-08-17,CRDB,2710,2670,2700,2690,2690,,,331433,890288340,1559,236065,223858,7025.9
2026-08-17,DCB,530,480,465,530,530,13.98,74.09400000000001,973402,363617115,254,154767,0,101.5
2026-08-17,DSE,6600,6570,6570,6570,6570,0.0,0.0,3035,19949900,43,2191,1569,156.5
2026-08-17,EABL,0,0,5590,0,5600,0.18,10.08,0,0,0,47,0,4428.3
2026-08-17,IEACLC-ETF,1370,1340,1340,1360,1360,1.49,20.264,96817,131474760,102,102335,62489,191.9
2026-08-17,JATU,0,0,265,0,265,0.0,0.0,0,0,0,20,400,5.3
2026-08-17,JHL,0,0,8650,0,8650,0.0,0.0,0,0,0,235,0,626.9
2026-08-17,KA,0,0,110,0,120,9.09,10.908,0,0,0,150,0,681.8
2026-08-17,KCB,1960,1950,1950,1960,1960,0.51,9.996,11884,23251230,63,11033,29998,5821.9
2026-08-17,MBP,1790,1650,1680,1690,1690,0.6,10.14,1492,2519700,25,563,1230,50.7
2026-08-17,MCB,430,395,405,405,405,0.0,0.0,232253,93664355,262,34409,18137,100.2
2026-08-17,MKCB,3790,3700,3760,3780,3780,0.53,20.034,3963,14962900,27,923,7491,89.0
2026-08-17,MUCOBA,450,450,455,450,450,,,1072,482400,7,35,7341,14.7
2026-08-17,NICO,4200,3850,3820,3990,3990,4.45,177.555,35852,143267160,165,13796,4904,246.0
2026-08-17,NMB,18000,17680,17700,17710,17710,0.06,10.626,168490,2983673110,665,8132,13729,8855.0
2026-08-17,NMG,0,0,275,0,265,,,0,0,0,133,0,50.0
2026-08-17,PAL,350,300,345,320,320,,,3496,1127460,72,32,22891,51.4
2026-08-17,SWALA,0,0,450,0,450,0.0,0.0,0,0,0,0,0,47.8
2026-08-17,SWIS,2600,2570,2570,2580,2580,0.39,10.062,2112,5456080,30,10969,2578,92.9
2026-08-17,TBL,9950,9900,9930,9940,9940,0.1,9.94,3745,37214950,41,12,684,2932.9
2026-08-17,TCC,12600,12500,12500,12580,12580,0.64,80.512,757,9517700,17,10440,0,1258.0
2026-08-17,TCCL,4000,4000,3950,4000,4000,1.27,50.8,1600,6400000,21,15248,15288,764.1
2026-08-17,TOL,1660,1500,1490,1500,1500,0.67,10.05,2549,3833730,51,3539,4554,86.3
2026-08-17,TPCC,6100,6000,6050,6060,6060,0.17,10.302,3232,19596980,46,3076,56,1090.3
2026-08-17,TTP,515,475,450,500,500,11.11,55.55,1580,786030,25,174,3832,47.5
2026-08-17,USL,0,0,30,0,30,0.0,0.0,0,0,0,2440,0,11.0
2026-08-17,VERTEX-ETF,350,335,335,340,340,1.49,5.066,81062,27370275,218,1612,17127,18.4
2026-08-17,VODA,1040,1020,1020,1030,1030,0.98,10.094,90892,93578110,268,93724,15961,2307.2
2026-08-17,YETU,0,0,510,0,510,0.0,0.0,0,0,0,0,0,6.2
2026-08-18,AFRIPRISE,625,620,620,625,625,0.81,5.062500000000001,33684,20992075,139,7157,49790,91.3
2026-08-18,CRDB,2710,2660,2690,2680,2680,,,353959,948656030,1373,125541,167673,6999.7
2026-08-18,DCB,605,530,530,600,600,13.21,79.25999999999999,295266,177504790,293,51758,0,115.0
2026-08-18,DSE,6570,6400,6570,6440,6440,,,1955,12618060,19,2808,3290,153.4
2026-08-18,EABL,0,0,5600,0,5560,,,0,0,0,47,0,4396.7
2026-08-18,IEACLC-ETF,1360,1350,1360,1350,1350,,,37917,51227650,63,120898,119002,190.5
2026-08-18,JATU,0,0,265,0,265,0.0,0.0,0,0,0,20,400,5.3
2026-08-18,JHL,0,0,8650,0,8650,0.0,0.0,0,0,0,245,0,626.9
2026-08-18,KA,0,0,120,0,115,,,0,0,0,150,0,653.4
2026-08-18,KCB,1990,1950,1960,1980,1980,1.02,20.196,22920,45293680,48,12523,6300,5881.3
2026-08-18,MBP,1750,1550,1690,1610,1610,,,3646,5901060,31,5462,965,48.3
2026-08-18,MCB,465,400,405,420,420,3.7,15.540000000000004,119117,50213470,217,39219,29783,103.9
2026-08-18,MKCB,3800,3720,3780,3720,3720,,,4185,15604700,38,804,6271,87.6
2026-08-18,MUCOBA,450,440,450,450,450,0.0,0.0,1450,650145,12,35,5728,14.7
2026-08-18,NICO,4100,3990,3990,4020,4020,0.75,30.15,260628,1020259610,111,5190,21607,247.8
2026-08-18,NMB,18000,17680,17710,17700,17700,,,243505,4309969950,777,13016,82907,8850.0
2026-08-18,NMG,0,0,265,0,260,,,0,0,0,133,0,49.0
2026-08-18,PAL,345,310,320,320,320,0.0,0.0,5074,1612330,56,3937,15693,51.4
2026-08-18,SWALA,0,0,450,0,450,0.0,0.0,0,0,0,0,0,47.8
2026-08-18,SWIS,2600,2520,2580,2560,2560,,,1650,4233790,28,16261,2421,92.2
2026-08-18,TBL,9900,9800,9940,9800,9800,,,821,8066000,25,52,659,2891.6
2026-08-18,TCC,12800,12500,12580,12520,12520,,,1602,20059900,28,114,8,1252.0
2026-08-18,TCCL,4000,3660,4000,3860,3860,,,3827,14806780,26,16944,35153,737.3
2026-08-18,TOL,1700,1500,1500,1580,1580,5.33,84.214,13900,21984800,49,4790,4880,90.9
2026-08-18,TPCC,6060,6000,6060,6030,6030,,,4369,26346060,56,986,3111,1084.9
2026-08-18,TTP,500,490,500,500,500,0.0,0.0,226,112620,18,115,13200,47.5
2026-08-18,USL,0,0,30,0,30,0.0,0.0,0,0,0,2210,0,11.0
2026-08-18,VERTEX-ETF,340,325,340,330,330,,,24371,8014080,135,0,72348,17.8
2026-08-18,VODA,1040,1010,1030,1030,1030,0.0,0.0,130410,133935360,289,27981,7531,2307.2
2026-08-18,YETU,0,0,510,0,510,0.0,0.0,0,0,0,0,0,6.2
2026-08-19,AFRIPRISE,630,600,625,615,615,,,61997,38287835,229,11020,74333,89.8
2026-08-19,CRDB,2720,2660,2680,2690,2690,0.37,9.953,705744,1900379800,1275,126290,31252,7025.9
2026-08-19,DCB,685,580,600,625,625,4.17,26.0625,147388,92207390,304,15457,148628,119.7
2026-08-19,DSE,6600,6400,6440,6540,6540,1.55,101.37,1398,9138520,26,2622,2484,155.8
2026-08-19,EABL,0,0,5560,0,5710,2.7,154.17000000000002,0,0,0,0,0,4515.3
2026-08-19,IEACLC-ETF,1380,1350,1350,1360,1360,0.74,10.064,492777,669742240,88,71823,71642,191.9
2026-08-19,JATU,270,270,265,270,270,1.89,5.103,360,97200,3,60,40,5.4
2026-08-19,JHL,0,0,8650,0,8650,0.0,0.0,0,0,0,401,0,626.9
2026-08-19,KA,0,0,115,0,115,0.0,0.0,0,0,0,140,0,653.4
2026-08-19,KCB,1990,1970,1980,1980,1980,0.0,0.0,268872,524777540,45,10316,9036,5881.3
2026-08-19,MBP,1850,1750,1610,1770,1770,9.94,175.938,6814,12059620,37,1026,729,53.1
2026-08-19,MCB,480,420,420,450,450,7.14,32.129999999999995,80848,36274390,211,24522,75497,111.3
2026-08-19,MKCB,3800,3700,3720,3770,3770,1.34,50.518,1897,7151920,21,1786,3101,88.8
2026-08-19,MUCOBA,450,430,450,450,450,0.0,0.0,390,174900,7,612,5463,14.7
2026-08-19,NICO,4020,3990,4020,4000,4000,,,13540,54203480,73,4290,54460,246.6
2026-08-19,NMB,17700,17670,17700,17700,17700,0.0,0.0,238991,4229030080,1058,9096,10525,8850.0
2026-08-19,NMG,0,0,260,0,255,,,0,0,0,122,0,48.1
2026-08-19,PAL,345,300,320,305,305,,,14297,4405535,59,4020,33066,48.9
2026-08-19,SWALA,0,0,450,0,450,0.0,0.0,0,0,0,0,0,47.8
2026-08-19,SWIS,2600,2550,2560,2560,2560,0.0,0.0,3085,7901400,30,16371,1721,92.2
2026-08-19,TBL,9950,9800,9800,9870,9870,0.71,70.077,1511,14892450,28,10,750,2912.2
2026-08-19,TCC,12520,12300,12520,12520,12520,0.0,0.0,285,3522500,15,9970,15,1252.0
2026-08-19,TCCL,4000,3660,3860,3710,3710,,,2798,10426130,21,15760,24699,708.7
2026-08-19,TOL,1700,1660,1580,1690,1690,6.96,117.624,22976,38835920,58,16251,70,97.2
2026-08-19,TPCC,6100,5980,6030,6000,6000,,,3878,23280940,56,2017,9963,1079.5
2026-08-19,TTP,490,475,500,500,500,0.0,0.0,205,99320,13,71,12653,47.5
2026-08-19,USL,0,0,30,0,30,0.0,0.0,0,0,0,1210,0,11.0
2026-08-19,VERTEX-ETF,345,330,330,335,335,1.52,5.092,181533,60822480,107,5856,0,18.1
2026-08-19,VODA,1040,1010,1030,1030,1030,0.0,0.0,136376,140276310,170,38043,29040,2307.2
2026-08-19,YETU,0,0,510,0,510,0.0,0.0,0,0,0,0,0,6.2
2026-08-20,AFRIPRISE,625,615,615,620,620,0.81,5.022000000000001,150219,93131005,214,12308,34421,90.5
2026-08-20,CRDB,2710,2650,2690,2690,2690,0.0,0.0,579755,1553256130,1091,100953,123490,7025.9
2026-08-20,DCB,680,535,625,555,555,,,63361,35117830,147,753,131720,106.3
2026-08-20,DSE,6570,6250,6540,6340,6340,,,1787,11335520,11,1031,3980,151.0
2026-08-20,EABL,0,0,5710,0,5710,0.0,0.0,0,0,0,0,0,4515.3
2026-08-20,IEACLC-ETF,1370,1350,1360,1360,1360,0.0,0.0,117924,159852510,58,122760,56394,191.9
2026-08-20,JATU,0,0,270,0,270,0.0,0.0,0,0,0,60,40,5.4
2026-08-20,JHL,0,0,8650,0,8650,0.0,0.0,0,0,0,402,0,626.9
2026-08-20,KA,0,0,115,0,115,0.0,0.0,0,0,0,47,0,653.4
2026-08-20,KCB,1980,1960,1980,1970,1970,,,137171,268920160,42,26722,10915,5851.6
2026-08-20,MBP,1850,1770,1770,1790,1790,1.13,20.227,3489,6266560,33,1846,3582,53.7
2026-08-20,MCB,450,420,450,445,445,,,89518,39983190,149,14434,126401,110.1
2026-08-20,MKCB,3780,3700,3770,3740,3740,,,2280,8517850,12,2329,3359,88.1
2026-08-20,MUCOBA,455,430,450,450,450,0.0,0.0,2194,987200,27,367,3919,14.7
2026-08-20,NICO,4000,3800,4000,3910,3910,,,238233,975110350,77,1975,67299,241.0
2026-08-20,NMB,0,0,17700,0,17700,0.0,0.0,0,0,0,0,0,8850.0
2026-08-20,NMG,0,0,255,0,255,0.0,0.0,0,0,0,78,0,48.1
2026-08-20,PAL,320,300,305,315,315,3.28,10.332,5126,1603725,32,7106,28285,50.6
2026-08-20,SWALA,0,0,450,0,450,0.0,0.0,0,0,0,0,0,47.8
2026-08-20,SWIS,2640,2600,2560,2600,2600,1.56,40.56,684,1788880,22,6432,1858,93.6
2026-08-20,TBL,9900,9870,9870,9890,9890,0.2,19.78,985,9742910,24,200,92,2918.1
2026-08-20,TCC,12520,12310,12520,12520,12520,0.0,0.0,120,1500300,8,11136,72,1252.0
2026-08-20,TCCL,4000,3990,3710,4000,4000,7.82,312.8,6390,25556770,23,16256,12848,764.1
2026-08-20,TOL,1750,1700,1690,1730,1730,2.37,41.001000000000005,7047,12174900,51,19626,10629,99.5
2026-08-20,TPCC,6000,5980,6000,6000,6000,0.0,0.0,8199,49185680,44,1506,12967,1079.5
2026-08-20,TTP,490,485,500,500,500,0.0,0.0,140,68000,6,161,12533,47.5
2026-08-20,USL,0,0,30,0,30,0.0,0.0,0,0,0,25,0,11.0
2026-08-20,VERTEX-ETF,350,330,335,345,345,2.99,10.315500000000002,69343,24026135,141,12977,0,18.6
2026-08-20,VODA,1040,1010,1030,1030,1030,0.0,0.0,67243,69025960,164,36942,28255,2307.2
2026-08-20,YETU,0,0,510,0,510,0.0,0.0,0,0,0,0,0,6.2
2026-08-21,AFRIPRISE,625,610,620,620,620,0.0,0.0,85155,52669260,216,46209,41126,90.5
2026-08-21,CRDB,2710,2650,2690,2690,2690,0.0,0.0,301912,811879890,996,170488,179303,7025.9
2026-08-21,DCB,540,495,555,505,505,,,40617,20436890,178,8053,108193,96.8
2026-08-21,DSE,6570,6340,6340,6480,6480,2.21,143.208,1220,7946810,29,2589,9184,154.4
2026-08-21,EABL,0,0,5710,0,5710,0.0,0.0,0,0,0,0,0,4515.3
2026-08-21,IEACLC-ETF,1380,1360,1360,1370,1370,0.74,10.138,39790,54644290,63,182914,70797,193.3
2026-08-21,JATU,280,280,270,270,270,0.0,0.0,40,11200,3,160,0,5.4
2026-08-21,JHL,0,0,8650,0,8650,0.0,0.0,0,0,0,454,0,626.9
2026-08-21,KA,0,0,115,0,115,0.0,0.0,0,0,0,13,0,653.4
2026-08-21,KCB,1980,1960,1970,1970,1970,0.0,0.0,17060,33626880,42,37668,9282,5851.6
2026-08-21,MBP,1890,1790,1790,1840,1840,2.79,51.336000000000006,2762,5074360,26,1566,2514,55.2
2026-08-21,MCB,445,420,445,430,430,,,66461,28599045,162,37208,106312,106.3
2026-08-21,MKCB,3800,3780,3740,3790,3790,1.34,50.786,788,2987030,11,2789,2950,89.3
2026-08-21,MUCOBA,455,455,450,455,455,1.11,5.0505,894,406770,17,2674,4845,14.9
2026-08-21,NICO,3900,3730,3910,3760,3760,,,14689,55384910,93,18477,62089,231.8
2026-08-21,NMB,0,0,17700,0,17700,0.0,0.0,0,0,0,0,0,8850.0
2026-08-21,NMG,290,290,255,255,255,0.0,0.0,100,29000,2,56,0,48.1
2026-08-21,PAL,350,310,315,315,315,0.0,0.0,5802,1829760,44,7401,22835,50.6
2026-08-21,SWALA,0,0,450,0,450,0.0,0.0,0,0,0,0,0,47.8
2026-08-21,SWIS,2650,2610,2600,2610,2610,0.38,9.918,630,1651570,16,8041,1498,94.0
2026-08-21,TBL,9950,9900,9890,9900,9900,0.1,9.9,915,9062900,27,176,4,2921.1
2026-08-21,TCC,12520,12300,12520,12320,12320,,,10096,124470360,18,12481,585,1232.0
2026-08-21,TCCL,4000,3990,4000,4000,4000,0.0,0.0,929,3714700,11,16344,14260,764.1
2026-08-21,TOL,1790,1700,1730,1750,1750,1.16,20.3,21294,37301830,54,5872,10000,100.6
2026-08-21,TPCC,6000,5950,6000,5980,5980,,,6277,37525150,48,520,20769,1075.9
2026-08-21,TTP,485,470,500,475,475,,,474,226290,11,328,12327,45.2
2026-08-21,USL,0,0,30,0,30,0.0,0.0,0,0,0,33,0,11.0
2026-08-21,VERTEX-ETF,360,335,345,345,345,0.0,0.0,58785,20210380,125,12834,1205,18.6
2026-08-21,VODA,1040,1020,1030,1020,1020,,,146388,149835010,142,151866,19791,2284.8
2026-08-21,YETU,0,0,510,0,510,0.0,0.0,0,0,0,0,0,6.2
2026-08-24,AFRIPRISE,630,615,620,620,620,0.0,0.0,128569,79885770,325,48311,27603,90.5
2026-08-24,CRDB,2710,2640,2690,2680,2680,-0.37,-9.916,814692,2182963040,2170,70508,225191,6999.7
2026-08-24,DCB,540,440,505,485,485,-3.96,-19.206,42487,20705060,206,12715,34959,92.9
2026-08-24,DSE,6570,6250,6480,6360,6360,-1.85,-117.66,2374,15188790,35,1141,9252,151.5
2026-08-24,EABL,0,0,5710,0,5710,0.0,0.0,0,0,0,0,0,4515.3
2026-08-24,IEACLC-ETF,1390,1370,1370,1390,1390,1.46,20.294,158867,220698970,128,100571,25516,196.2
2026-08-24,JATU,0,0,270,0,270,0.0,0.0,0,0,0,265,0,5.4
2026-08-24,JHL,0,0,8650,0,8650,0.0,0.0,0,0,0,120,0,626.9
2026-08-24,KA,0,0,115,0,115,0.0,0.0,0,0,0,10,0,653.4
2026-08-24,KCB,1990,1970,1970,1980,1980,0.51,10.098,33467,66275810,71,31573,30668,5881.3
2026-08-24,MBP,2110,1890,1840,2070,2070,12.5,258.75,13113,27053180,61,24849,0,62.1
2026-08-24,MCB,450,405,430,420,420,-2.33,-9.786,43105,18151345,207,17949,86015,103.9
2026-08-24,MKCB,3850,3790,3790,3790,3790,0.0,0.0,3776,14320900,29,1730,1745,89.3
2026-08-24,MUCOBA,470,455,455,470,470,3.3,15.510000000000002,710,328600,20,2722,4895,15.4
2026-08-24,NICO,3900,3760,3760,3820,3820,1.6,61.120000000000005,27784,106133970,109,24030,24941,235.5
2026-08-24,NMB,1850,1850,1770,1850,1850,4.52,83.61999999999999,2301840,4258404000,1830,2037951,0,9250.0
2026-08-24,NMG,290,290,255,260,260,1.96,5.096,24,6960,3,42,33,49.0
2026-08-24,PAL,310,300,315,305,305,-3.17,-9.6685,5757,1752440,71,18155,25281,48.9
2026-08-24,SWALA,0,0,450,0,450,0.0,0.0,0,0,0,0,0,47.8
2026-08-24,SWIS,2640,2620,2610,2640,2640,1.15,30.36,1914,5045710,39,2579,1161,95.0
2026-08-24,TBL,9900,9800,9900,9880,9880,-0.2,-19.76,47365,464581320,34,66,228,2915.2
2026-08-24,TCC,12500,12300,12320,12410,12410,0.73,90.593,2354,29215500,32,11602,371,1241.0
2026-08-24,TCCL,4000,3980,4000,4000,4000,0.0,0.0,2562,10237780,22,2950,16766,764.1
2026-08-24,TOL,1830,1790,1750,1810,1810,3.43,62.083000000000006,20991,38023150,112,9675,0,104.1
2026-08-24,TPCC,5950,5890,5980,5940,5940,-0.67,-39.798,7971,47309170,52,443,13901,1068.7
2026-08-24,TTP,485,480,475,475,475,0.0,0.0,384,184670,18,368,1884,45.2
2026-08-24,USL,0,0,30,0,30,0.0,0.0,0,0,0,138,0,11.0
2026-08-24,VERTEX-ETF,360,335,345,350,350,1.45,5.074999999999999,77845,27130480,293,2001,137028,18.9
2026-08-24,VODA,1040,1020,1020,1020,1020,0.0,0.0,332317,339229740,328,180501,38931,2284.8
2026-08-24,YETU,0,0,510,0,510,0.0,0.0,0,0,0,0,0,6.2
